 {
   "ucx":            3 ,
   "ucy":            3 ,
   "tilted":            1 ,
   "cluster": "18C",
   "bc": "p",
   "ti":            0 ,
   "k0":            1 ,
   "symm":            0 ,
   "irrep": "A1",
   "p1":            1 ,
   "p2":            1 ,
   "p3":            1 ,
   "corr":            0 ,
   "curr":            1 ,
   "refbonds":            3 ,
   "states":            1 ,
   "deg":   0.000000000000000E+000 ,
   "feast":            0 ,
   "arpack":            1 ,
   "mkl":            0 ,
   "exact":            0 ,
   "dimthresh":          250 ,
   "rvec": true ,
   "nevext":           10 ,
   "nst":           10 ,
   "ncv0":          180 ,
   "otf":            0 ,
   "degflag":            1 ,
   "nev0":          200 ,
   "nevmax":          230 ,
   "othrds":            1 ,
   "mthrds":            1 ,
   "ndis":            1 ,
   "dis":   0.000000000000000E+000 ,
   "mass":   0.000000000000000E+000 ,
   "filling":   0.500000000000000      ,
   "t":    1.00000000000000      ,
   "g_fact":            2 ,
   "dv1":    1.00000000000000      ,
   "v1min":   0.000000000000000E+000 ,
   "v1max":   0.000000000000000E+000 ,
   "dv2":   2.500000000000000E-002 ,
   "v2min":   0.000000000000000E+000 ,
   "v2max":    3.00000000000000     
 }
